nickname,money,last_visit
Daffi,31945,02/12/2023
Giorgio,78676,02/03/2023
Amby,28501,02/13/2023
Rhianna,78914,02/17/2023
Sergent,71915,02/12/2023
Griff,67024,01/23/2023
Ilene,20146,01/27/2023
Inesita,11327,02/04/2023
Janeczka,87318,02/02/2023
Engelbert,63133,01/28/2023
Nicolas,65751,02/19/2023
Douglass,88360,02/15/2023
Dianna,15640,01/24/2023
Grove,22303,01/24/2023
Archie,8195,01/25/2023
Prentice,64221,02/16/2023
Pippa,6861,02/17/2023
Humfrey,58094,02/14/2023
Roxine,805,02/17/2023
Josh,88767,01/23/2023
Guy,76125,02/08/2023
Willabella,25059,02/10/2023
Nev,87733,01/23/2023
Marc,64012,02/13/2023
Royall,93365,01/31/2023
Orelle,33148,01/22/2023
Brook,80610,02/03/2023
Chrotoem,29808,01/24/2023
Kevan,51783,01/29/2023
Amalee,45715,01/30/2023
Jabez,45107,02/13/2023
Chalmers,36918,02/04/2023
Roxanna,3006,02/01/2023
Loise,51652,01/27/2023
Oralla,71060,02/20/2023
Cly,93227,02/11/2023
Koral,18430,02/15/2023
Logan,82804,02/06/2023
Jdavie,16403,02/20/2023
Sharyl,49003,02/18/2023
Dulcinea,49793,02/15/2023
Trixi,261,02/12/2023
Tallou,89419,02/03/2023
Ansel,32914,02/09/2023
Roxine,4568,02/17/2023
Jacky,51394,02/17/2023
Harland,79506,01/26/2023
Corie,22645,02/04/2023
Trista,94395,01/29/2023
Skipp,3100,02/11/2023
Quillan,86340,01/27/2023
Hilarius,68480,02/13/2023
Cyndie,55608,02/07/2023
Vincenz,7275,01/28/2023
Mabelle,93447,02/14/2023
Sammie,19859,02/20/2023
Adamo,58485,02/15/2023
May,97824,02/04/2023
Barry,17737,02/07/2023
Carol-jean,52140,01/22/2023
Demetris,25,02/16/2023
Levy,64048,02/14/2023
Drucy,89591,02/15/2023
Marsha,48838,02/10/2023
Gabriel,83259,02/20/2023
Daryl,75857,02/05/2023
Olin,80755,02/06/2023
Rodney,22377,02/13/2023
Aubrette,45119,02/13/2023
Geri,22284,02/07/2023
Jada,62960,02/10/2023
Mandy,51126,02/06/2023
Lindy,61168,02/18/2023
Dela,72635,02/17/2023
Layney,9395,01/26/2023
Georas,19915,02/13/2023
Hermon,72989,02/18/2023
Sondra,13048,01/28/2023
Tiebout,5321,02/19/2023
Leonerd,46727,02/17/2023
Scot,30615,02/12/2023
Thomasin,5182,02/03/2023
Phyllys,10890,01/25/2023
Christina,84866,01/27/2023
Hailey,63779,01/24/2023
Petronilla,65473,02/13/2023
Carmine,36620,02/14/2023
Alex,54179,02/18/2023
Vicky,89859,01/20/2023
Clo,48823,02/14/2023
Olga,18329,02/04/2023
Ethelyn,12170,02/12/2023
Eugenie,35238,01/27/2023
Jordana,15322,02/16/2023
Nannie,80053,02/20/2023
Jobye,81890,02/15/2023
Fielding,15295,02/05/2023
Dick,57688,01/25/2023
Darb,55343,02/02/2023
Geoffrey,86855,01/23/2023
